﻿eskul_nama,nama_siswa,deskripsi_event,status_event,tanggal_event
Tahfizh,Nur Alika Putri,Ajang Kreasi Seni Islam Ke-III Tunjukkan Aksimu,Juara 1,10 Oktober 2024 - 12 Oktober 2024
Rohis,Rahma Ashifa Batubara,Ajang Kreasi Seni Islam Ke-III Tunjukkan Aksimu,Juara 1,10 Oktober 2024 - 12 Oktober 2024
Rohis,Ade Asri Monica,Ajang Kreasi Seni Islam Ke-III Tunjukkan Aksimu,Juara 2,10 Oktober 2024 - 12 Oktober 2024
Rohis,Julianisa Albaroqa,Ajang Kreasi Seni Islam Ke-III Tunjukkan Aksimu,Juara 2,10 Oktober 2024 - 12 Oktober 2024
Rohis,Dearni Putri Harisriya B Saragih,Ajang Kreasi Seni Islam Ke-III Tunjukkan Aksimu,Juara 2,10 Oktober 2024 - 12 Oktober 2024
