﻿nama,password
"Muhammad Wahyudi, M.Pd",admin123
"Soeherman, S.Pd",pembina123
"Indah Maisyarah Daulay, S.Pd",pembina123
"Handoko, S.S., M.A",pembina123
"Nur Hasna Azizah Hrp, S.Psi",pembina123
Drs. Parlaungan Hasibuan,pembina123
"Nurlatifah Harahap, M.Pd",pembina123
Muh. Nur Prabowo,pembina123
"Muhammad Ichsan Pranata, S.H",pelatih123
M. Leo Hamzah Hutabarat,pelatih123
Syahruddin,pelatih123
Sri Astuti,pelatih123
"Haniful Sundana, S. Sos",pelatih123
"Jamilah Harahap, S.E",pelatih123
Irfandi,pelatih123
Jihan Fadilla,siswa123
Marsya Aulia Putri,siswa123
M Arief Alfaridzi,siswa123
Nirmala Putri Hartanti,siswa123
Reci Larasati,siswa123
Siti Tania Putri,siswa123
Alkhis Novrianda Solin,siswa123
Rafi Mazid,siswa123
Intan Nazwa Salsabila,siswa123
William Bornok Simanjuntak,siswa123
Salsabila Lubis,siswa123
Alvin Zein Lubis,siswa123
Deswita Maharani,siswa123
Keyla Syafitri Azarine Bani,siswa123
M Hafiz Alviansyah Batubara,siswa123
Silvina Nuraini,siswa123
Nayla Artisya Zai,siswa123
Syifa Ufairah,siswa123
Claudia Ramalia Sihotang,siswa123
Tiara Amanda,siswa123
Syela H Simanjuntak,siswa123
Hafiz Adli Rifa'i,siswa123
Fayyadh Kahil,siswa123
Reysa Flora,siswa123
Zulfadina Ainindya,siswa123
Zia Sahira Zailani Ritonga,siswa123
Putri Sintia Sari,siswa123
Dinka Tungga Dewi,siswa123
M Rizky Alfian,siswa123
Rara Ardiona,siswa123
Naila Nur Khairana,siswa123
Putri Cahya Ramadhani,siswa123
Al Zuhra Azalia Fitri S,siswa123
Gibratal Alifisyah,siswa123
Aisyah Nur Azrih,siswa123
Ade Sekar Nayla,siswa123
Nabilla Ananda,siswa123
Celsi Silitonga,siswa123
M Ilhamsyah,siswa123
Khairunnisa Aprilidya,siswa123
Sinta Aprilia,siswa123
Debby Adzrah Inayah,siswa123
Rina,siswa123
Fadilah Sahara,siswa123
Agnes Florensia Zamili,siswa123
Andhisa Keishia Sasikirana,siswa123
Dessi Syarifa,siswa123
Khairunnisa,siswa123
Syawalia Oktavia Putri,siswa123
Mhd Nur Rahman,siswa123
Lucky Satria Pramana,siswa123
Jihan Dwi Aliza,siswa123
Zara Permadani Nugraha,siswa123
Afni,siswa123
Adinda Pertiwi,siswa123
Sauqina Rahim Harefa,siswa123
Cyrilla Budiarti,siswa123
Fachri Affan,siswa123
M Rasyah Patmawanata,siswa123
Putri Nur Qasanah,siswa123
Cantika Amanda,siswa123
Intan Sri Rizky,siswa123
Satrio Bagus Nugroho,siswa123
Aditya,siswa123
Fariz Sigit,siswa123
Celviano Dwi Satrio ,siswa123
Beauty Artharini Wadra,siswa123
Shiva Khalila Putri,siswa123
Amanda Puspita,siswa123
Alda Riyanti,siswa123
Rifitra Adya Helmi,siswa123
Jihan Irtiyah Hasan,siswa123
Aditya Febriansyah,siswa123
Muhammad Fathan Syahreza,siswa123
Jihan Zahira,siswa123
Siti Wardah,siswa123
Ajeng Siska Pratiwi,siswa123
Syifa Aulia Wardhana,siswa123
Syafani Aulia,siswa123
Fatiha Putri Haniyah,siswa123
Nindy Permata Sari,siswa123
Chyntiya Alanis,siswa123
Refan Aditya Putra,siswa123
Shaka Kiandra Anugerah,siswa123
Dita Nindy Aulia,siswa123
Dafa Fayadhan Abiyyu,siswa123
Adi Yanto Arvino Manalu,siswa123
Anggita Septia Ramadhani Nst,siswa123
Dwyyana Putri Ramadhani,siswa123
Birgitta Hotmauli,siswa123
Mili Kusuma Ridho Raharjo,siswa123
Annisa Putri,siswa123
Ardilla Anggraini,siswa123
Nailah Dwi Puspita,siswa123
Yohannes Alexiux Panjaitan,siswa123
Steven Benhard Hutagalung,siswa123
Dwi Tia Irfandi,siswa123
Naomi Putri Indrakasih,siswa123
Dinara Azarenka,siswa123
Asni Sun Putri,siswa123
Vicky Dhawiansyah,siswa123
Jessica Anggelia,siswa123
Dinda Khyrani Manik,siswa123
Dini Aura,siswa123
Dwika Amelia Saragih,siswa123
Dwi Amanda,siswa123
Fira Naskia,siswa123
Nadien Mutia Sahara,siswa123
Andika Samuel Bulolo,siswa123
Kevin Halawa,siswa123
Oklyn Manalu,siswa123
Putri Nabila,siswa123
Rahma Nurmala,siswa123
Refalina Gowasa,siswa123
Sandika Kasih,siswa123
Aricha Delfia,siswa123
Arlita Indriami,siswa123
Bunga Naila Balqis,siswa123
Ita Laila Laia,siswa123
Julianisa Albaroqa,siswa123
Kasih Riana Saragih,siswa123
Kristini Purba,siswa123
Monisa Koirlala,siswa123
Santa Pricilla Sagala,siswa123
Sarah Amelia Putri,siswa123
Veysnis Tri Mentari Gaurifa ,siswa123
Yohana Ratysha Bangun,siswa123
Zihan Aulia Subidyo,siswa123
Angelia Septiana Samosir,siswa123
Angelika Situmorang,siswa123
Annisa Zahrani,siswa123
Arisha Anastasya Ababil,siswa123
Ayu Wulandari,siswa123
Aziiz Al Djikri,siswa123
Billy Alfredo,siswa123
Deswita Sinaga,siswa123
Dhya Aqila,siswa123
Dwi Andika,siswa123
Fera Handayanti Laia,siswa123
Gabriella Stevani Simbolon,siswa123
Jeriko Bani Haloho,siswa123
Joella Sitorus ,siswa123
Juan Farel Sinaga,siswa123
Jurnalis Anastasya Manalu,siswa123
Kesia Laia,siswa123
Lista Riani Harefa,siswa123
Luluk Sakinah,siswa123
Malika Putriana Gurning,siswa123
Mutiara Yunita,siswa123
Nabila Khairunnisa,siswa123
Nashira Aulia Putri,siswa123
Nayla Aprilia,siswa123
Nazwa Syahrani,siswa123
Novella Megantara,siswa123
Nursyaidah,siswa123
Nurul Aulia Siregar,siswa123
Revan Ayuri Azzura,siswa123
Reynaldi Pratama Sitorus,siswa123
Ruby Cahaya Pakpahan,siswa123
Rut Mawati Gaurifa,siswa123
Sahara Safira,siswa123
Shitara Aulia,siswa123
Tri Mutia Ginting,siswa123
Yabes Alexander Laia,siswa123
Abdi Setiawan,siswa123
Dahru Fradana,siswa123
Bunyamin Albaihaqqi,siswa123
Raihan Septa Ramadhan,siswa123
Krisna Indriadi,siswa123
Arya Andika,siswa123
Muhammad Dika Ramadan,siswa123
Tegar Naufal Ridho,siswa123
Yusuf Alfachri Wijayanto,siswa123
Shafa Armaya,siswa123
Kesya Amelia,siswa123
Tiara Indriani,siswa123
Calysta Syifa Wardana,siswa123
Naimah Alya Anachiara,siswa123
Najwa Nur Fauziah,siswa123
Syara Fakira Br Pangaribuan,siswa123
Annisa Shafira,siswa123
Kirana Sabilla,siswa123
Atiqa Fidaus Hasibuan,siswa123
Sinia Gulo,siswa123
Aziza Jailanti Nasution,siswa123
Sri Dewi Kartika,siswa123
Fira Anggraini,siswa123
Nur Intan Aulia,siswa123
Rasya Rachmania Lubis,siswa123
Raya Aura Pratiwi,siswa123
Rara Ayu Mutia,siswa123
Maulida Alfina Rahma,siswa123
Aprida Hulwah Riswidyani,siswa123
Nabila Pradita,siswa123
Nia Aulia Pratiwi,siswa123
Pinkan Dwi Fresya,siswa123
Rizty Ayu Mutia,siswa123
Salwa Amalia Putri,siswa123
Airin,siswa123
Risa Tanaya Dwi Helmi,siswa123
Putri Nabila,siswa123
Aby Prasetiyo,siswa123
Rahma Ashifa Batubara,siswa123
Bayu Akbar,siswa123
Ade Asri Monica,siswa123
Nazwa Dafina,siswa123
Nurul Dwi Zul Ivani,siswa123
Pramus Alfatih,siswa123
Sari Purnama Dewi,siswa123
Rizki Maulana,siswa123
Khayzah Nawuri,siswa123
Muhammad Ilham,siswa123
Muhammad Prayogi,siswa123
Shinta Putri Adilia,siswa123
Qessyah Nabila Claren,siswa123
Arti Kinanti,siswa123
Julianisa Albaroqa,siswa123
Syarifah Aini,siswa123
Mutia Zahra Nasution,siswa123
Ade Setiawan Sinaga,siswa123
Juwita Tri Cahya Ananda,siswa123
Eka Fatimah Az-zahra,siswa123
Dearni Putri Harisriya B Saragih,siswa123
Mutiara Wulandari,siswa123
Aura Cintia Putri,siswa123
Khairunnisa,siswa123
Adinda Tri Dewi,siswa123
Cahaya Harmayani,siswa123
Jihan Dwi Aliza,siswa123
Qaida Arief,siswa123
Vivi Syahviera,siswa123
Silvy Apriani,siswa123
Syafa Armaya,siswa123
Afief Surya Ramadhan,siswa123
Ahmad Idho Pratama,siswa123
Beauty Artharini Wadra,siswa123
Luthfi Ahfianingsih,siswa123
Annisa Alifa,siswa123
Annisa Fatmawati Putri,siswa123
Anggi Amelia Ramadhani Daulay,siswa123
Arya Putra Rizky,siswa123
Naisha Nurfadillah,siswa123
Nesya Aprillia,siswa123
Nur Aisyah,siswa123
Syafira Sahara,siswa123
Vicky Ardiansyah,siswa123
Daffa Orliando Aldino,siswa123
Andien Dwisafira,siswa123
Dwi Andika,siswa123
Rafka Aditia,siswa123
Annisa Zahrani,siswa123
Ayunda Zahra,siswa123
Aziz Al Djikri,siswa123
Jessica Anggelia,siswa123
Julia Friska,siswa123
Revan Ayuri Azzura,siswa123
Hazira Aini Lubis,siswa123
Avia Qoyirani,siswa123
Beauty Artharini Wadra,siswa123
Adinda Tri Dewi,siswa123
Khairunnisa,siswa123
Galuh Kusuma Wardhani,siswa123
Ghefira Nurhandayaning Diah,siswa123
Nabila Khairunnisa,siswa123
Mutia Zahra Nasution,siswa123
Tiara Dwi Lestari,siswa123
Nadia Ulya Annora,siswa123
Halya Amel Deswita,siswa123
Nur Alika Putri,siswa123
Friska Rahmadani Wijaya,siswa123
Mhd Husein Haikal Butar butar,siswa123
Yandra,siswa123
Syarifah Aini,siswa123
Julia Friska,siswa123
Muhammad Faqih Wicaksana,siswa123
Mutiara Wulandari,siswa123
Vivi Syahviera,siswa123
Nikita Afriyani,siswa123
Faisal Akbar Gunawan,siswa123
Tania Mawardah Siregar,siswa123
Lidya Rizka Putri,siswa123
Zhahira Isnaini Syaukani,siswa123
Silvy Apriani,siswa123
Raihan Alfarizzi Nasution,siswa123
Alda Riyanti,siswa123
Aditya Febriyansya,siswa123
Dita Nindy Aulia,siswa123
Azizah,siswa123
Lesnima Maduwu,siswa123
Fourvy Ramahdani,siswa123
Rafka Aditia,siswa123
Fristy Wardani,siswa123
Mihammad Raihan,siswa123
Zikrillia Wicahyani,siswa123
Lucky Ardiansyah,siswa123
Kaylani Ananda,siswa123
Dika Cristian Zai,siswa123
Juanda,siswa123
Usman Ali Siregar,siswa123
Edward Ginting,siswa123
Fauzan Yusren Hasibuan,siswa123
Khairunisa Andini Br Tarigan,siswa123
Rizka Safitri,siswa123
Febby Ola Madina,siswa123
Fenny Handayani,siswa123
Permadani Nst,siswa123
Mhd Reyhan,siswa123
Reia Ragil Putri,siswa123
Aulia Khurniawan,siswa123
